school_id,spell_id
1,1
8,2
8,3
7,4
1,5
3,6
7,7
8,8
8,9
8,10
1,11
1,12
1,13
2,14
2,15
8,16
8,17
2,18
2,19
8,20
8,21
8,22
8,23
2,24
2,25
5,26
2,27
5,28
2,29
2,30
2,31
2,32
5,33
5,34
2,35
8,36
4,37
3,38
3,39
4,40
8,41
4,42
8,43
1,44
2,45
7,46
5,47
4,48
4,49
4,50
4,51
1,52
1,53
1,54
8,55
8,56
8,57
8,58
8,59
8,60
8,61
1,62
1,63
2,64
8,65
5,66
8,67
8,68
8,69
8,70
8,71
8,72
8,73
1,74
8,75
8,76
8,77
3,78
3,79
8,80
6,81
8,82
8,83
5,84
6,85
8,86
8,87
8,88
8,89
3,90
3,91
3,92
3,93
3,94
3,95
2,96
2,97
8,98
8,99
4,100
2,101
3,102
1,103
1,104
5,105
5,106
7,107
8,108
4,109
8,110
8,111
3,112
3,113
4,114
8,115
8,116
8,117
8,118
8,119
8,120
7,121
7,122
8,123
8,124
8,125
8,126
7,127
8,128
8,129
8,130
8,131
8,132
8,133
8,134
8,135
8,136
8,137
2,138
8,139
8,140
8,141
1,142
1,143
1,144
1,145
1,146
1,147
1,148
1,149
1,150
1,151
1,152
1,153
1,154
1,155
1,156
1,157
4,158
1,159
8,160
8,161
8,162
8,163
2,164
6,165
6,166
3,167
8,168
8,169
2,170
2,171
2,172
3,173
9,174
9,175
1,176
9,177
5,178
1,179
3,180
3,181
3,182
3,183
9,184
1,185
2,186
2,187
8,188
1,189
1,190
1,191
8,192
8,193
3,194
3,195
7,196
7,197
8,198
8,199
2,200
8,201
7,202
2,203
8,204
8,205
8,206
8,207
8,208
8,209
8,210
8,211
8,212
8,213
8,214
8,215
5,216
3,217
3,218
2,219
2,220
7,221
1,222
1,223
8,224
8,225
8,226
8,227
8,228
8,229
8,230
8,231
3,232
1,233
1,234
8,235
8,236
1,237
1,238
8,239
8,240
7,241
7,242
1,243
8,244
8,245
5,246
5,247
7,248
7,249
7,250
7,251
1,252
1,253
1,254
8,255
8,256
8,257
8,258
4,259
7,260
7,261
7,262
8,263
8,264
8,265
8,266
2,267
2,268
8,269
8,270
5,271
8,272
1,273
8,274
8,275
7,276
1,277
7,278
1,279
8,280
8,281
8,282
3,283
3,284
8,285
8,286
2,287
2,288
5,289
5,290
5,291
5,292
8,293
8,294
2,295
2,296
4,297
5,298
1,299
1,300
1,301
7,302
7,303
8,304
1,305
5,306
5,307
4,308
1,309
5,310
8,311
5,312
3,313
8,314
8,315
8,316
8,317
8,318
8,319
8,320
8,321
8,322
4,323
4,324
6,325
8,326
4,327
4,328
4,329
2,330
8,331
8,332
8,333
2,334
2,335
2,336
2,337
8,338
8,339
7,340
1,341
6,342
2,343
2,344
7,345
8,346
8,347
7,348
8,349
8,350
8,351
4,352
6,353
6,354
4,355
5,356
5,357
5,358
5,359
5,360
5,361
5,362
5,363
5,364
5,365
5,366
5,367
2,368
4,369
5,370
8,371
5,372
5,373
5,374
7,375
7,376
8,377
8,378
8,379
8,380
8,381
2,382
2,383
2,384
4,385
7,386
7,387
7,388
7,389
7,390
5,391
5,392
5,393
7,394
8,395
7,396
2,397
5,398
1,399
7,400
5,401
5,402
8,403
8,404
8,405
8,406
8,407
2,408
2,409
2,410
6,411
6,412
5,413
2,414
2,415
2,416
5,417
5,418
5,419
2,420
5,421
5,422
7,423
4,424
8,425
8,426
8,427
8,428
3,429
3,430
3,431
3,432
1,433
1,434
5,435
8,436
7,437
7,438
7,439
8,440
8,441
8,442
6,443
2,444
8,445
8,446
8,447
7,448
8,449
8,450
8,451
8,452
8,453
8,454
8,455
8,456
8,457
8,458
5,459
5,460
8,461
2,462
2,463
8,464
8,465
7,466
7,467
5,468
7,469
7,470
5,471
5,472
5,473
8,474
3,475
3,476
3,477
7,478
8,479
2,480
2,481
8,482
8,483
6,484
5,485
8,486
7,487
7,488
8,489
8,490
5,491
8,492
8,493
8,494
8,495
8,496
2,497
2,498
1,499
8,500
2,501
1,502
5,503
5,504
5,505
5,506
5,507
5,508
4,509
4,510
4,511
4,512
4,513
4,514
2,515
2,516
2,517
7,518
7,519
7,520
7,521
5,522
2,523
5,524
4,525
2,526
2,527
2,528
4,529
3,530
3,531
3,532
3,533
3,534
8,535
8,536
8,537
8,538
8,539
8,540
1,541
8,542
8,543
8,544
8,545
8,546
8,547
8,548
8,549
8,550
8,551
8,552
8,553
2,554
2,555
8,556
8,557
8,558
8,559
8,560
5,561
8,562
8,563
8,564
8,565
8,566
8,567
2,568
5,569
5,570
1,571
7,572
8,573
7,574
5,575
8,576
5,577
8,578
8,579
8,580
8,581
8,582
,583
2,584
5,585
5,586
5,587
5,588
5,589
1,590
5,591
5,592
2,593
2,594
4,595
2,596
2,597
2,598
5,599
5,600
5,601
2,602
2,603
2,604
2,605
8,606
2,607
2,608
2,609
4,610
4,611
4,612
2,613
8,614
8,615
8,616
8,617
8,618
8,619
8,620
8,621
8,622
8,623
8,624
5,625
5,626
8,627
8,628
5,629
5,630
5,631
5,632
8,633
8,634
8,635
4,636
8,637
7,638
2,639
2,640
4,641
4,642
8,643
8,644
8,645
8,646
1,647
5,648
2,649
4,650
5,651
1,652
5,653
5,654
4,655
3,656
3,657
3,658
7,659
5,660
6,661
6,662
6,663
8,664
8,665
8,666
8,667
8,668
7,669
7,670
2,671
1,672
7,673
5,674
5,675
5,676
8,677
4,678
4,679
4,680
4,681
4,682
4,683
7,684
8,685
8,686
8,687
8,688
5,689
8,690
7,691
7,692
7,693
6,694
2,695
2,696
7,697
3,698
5,699
3,700
3,701
7,702
5,703
5,704
7,705
5,706
2,707
8,708
8,709
3,710
1,711
1,712
6,713
6,714
8,715
8,716
8,717
8,718
8,719
1,720
8,721
8,722
2,723
1,724
1,725
1,726
1,727
1,728
1,729
1,730
1,731
4,732
1,733
8,734
8,735
8,736
6,737
6,738
7,739
2,740
2,741
2,742
2,743
8,744
5,745
5,746
2,747
2,748
5,749
2,750
8,751
8,752
5,753
5,754
5,755
2,756
8,757
8,758
8,759
7,760
7,761
7,762
5,763
8,764
8,765
2,766
2,767
8,768
5,769
2,770
5,771
8,772
6,773
2,774
3,775
3,776
5,777
5,778
5,779
2,780
2,781
2,782
4,783
8,784
7,785
7,786
4,787
3,788
3,789
3,790
3,791
3,792
3,793
3,794
3,795
4,796
4,797
3,798
1,799
2,800
5,801
6,802
4,803
4,804
4,805
4,806
2,807
2,808
2,809
2,810
2,811
2,812
2,813
2,814
2,815
2,816
2,817
2,818
2,819
5,820
5,821
5,822
1,823
8,824
8,825
8,826
8,827
8,828
7,829
7,830
7,831
7,832
7,833
3,834
7,835
7,836
7,837
2,838
2,839
7,840
7,841
7,842
5,843
1,844
1,845
8,846
5,847
8,848
8,849
7,850
4,851
8,852
8,853
8,854
8,855
7,856
8,857
8,858
8,859
8,860
8,861
1,862
1,863
1,864
1,865
8,866
5,867
8,868
8,869
2,870
2,871
2,872
2,873
2,874
8,875
1,876
1,877
1,878
8,879
5,880
2,881
2,882
2,883
6,884
8,885
8,886
2,887
8,888
7,889
2,890
2,891
2,892
7,893
7,894
2,895
2,896
2,897
2,898
8,899
2,900
7,901
2,902
8,903
8,904
8,905
8,906
8,907
8,908
5,909
5,910
2,911
5,912
4,913
3,914
3,915
3,916
5,917
3,918
4,919
5,920
5,921
5,922
5,923
5,924
5,925
4,926
8,927
8,928
5,929
7,930
6,931
6,932
8,933
8,934
8,935
8,936
4,937
5,938
5,939
5,940
2,941
7,942
8,943
2,944
2,945
2,946
2,947
2,948
2,949
2,950
2,951
2,952
8,953
8,954
8,955
7,956
7,957
7,958
7,959
7,960
7,961
7,962
7,963
7,964
7,965
8,966
7,967
6,968
7,969
7,970
7,971
7,972
8,973
5,974
8,975
5,976
1,977
1,978
2,979
5,980
5,981
1,982
7,983
1,984
1,985
1,986
8,987
8,988
8,989
8,990
8,991
5,992
5,993
7,994
6,995
6,996
5,997
5,998
5,999
5,1000
5,1001
5,1002
5,1003
5,1004
5,1005
5,1006
8,1007
8,1008
8,1009
8,1010
8,1011
8,1012
5,1013
5,1014
5,1015
8,1016
2,1017
1,1018
1,1019
1,1020
5,1021
5,1022
5,1023
4,1024
4,1025
4,1026
6,1027
2,1028
2,1029
5,1030
5,1031
8,1032
8,1033
8,1034
7,1035
7,1036
7,1037
2,1038
7,1039
7,1040
7,1041
7,1042
2,1043
7,1044
7,1045
7,1046
7,1047
7,1048
7,1049
7,1050
7,1051
7,1052
7,1053
7,1054
3,1055
7,1056
8,1057
8,1058
2,1059
6,1060
7,1061
7,1062
7,1063
6,1064
6,1065
2,1066
4,1067
5,1068
8,1069
8,1070
5,1071
5,1072
5,1073
1,1074
1,1075
7,1076
7,1077
8,1078
2,1079
2,1080
7,1081
7,1082
7,1083
2,1084
1,1085
2,1086
5,1087
6,1088
4,1089
8,1090
8,1091
8,1092
8,1093
3,1094
3,1095
8,1096
8,1097
1,1098
1,1099
8,1100
4,1101
5,1102
5,1103
5,1104
4,1105
2,1106
7,1107
7,1108
7,1109
8,1110
8,1111
8,1112
7,1113
7,1114
3,1115
3,1116
3,1117
3,1118
3,1119
3,1120
3,1121
3,1122
3,1123
3,1124
3,1125
3,1126
3,1127
3,1128
3,1129
3,1130
3,1131
3,1132
3,1133
3,1134
3,1135
3,1136
3,1137
3,1138
3,1139
3,1140
3,1141
3,1142
3,1143
3,1144
3,1145
3,1146
5,1147
2,1148
7,1149
8,1150
8,1151
8,1152
8,1153
8,1154
3,1155
8,1156
8,1157
8,1158
8,1159
5,1160
8,1161
5,1162
2,1163
2,1164
2,1165
2,1166
2,1167
2,1168
2,1169
2,1170
1,1171
1,1172
1,1173
1,1174
8,1175
8,1176
5,1177
8,1178
5,1179
5,1180
4,1181
4,1182
3,1183
3,1184
3,1185
3,1186
3,1187
3,1188
3,1189
6,1190
6,1191
8,1192
6,1193
6,1194
6,1195
6,1196
6,1197
6,1198
8,1199
5,1200
1,1201
1,1202
1,1203
1,1204
1,1205
1,1206
1,1207
1,1208
1,1209
1,1210
1,1211
1,1212
1,1213
1,1214
1,1215
1,1216
1,1217
1,1218
1,1219
1,1220
1,1221
6,1222
8,1223
1,1224
4,1225
7,1226
7,1227
7,1228
8,1229
1,1230
1,1231
5,1232
5,1233
8,1234
8,1235
8,1236
8,1237
8,1238
8,1239
4,1240
4,1241
4,1242
1,1243
5,1244
7,1245
3,1246
8,1247
8,1248
8,1249
5,1250
1,1251
3,1252
3,1253
3,1254
1,1255
5,1256
8,1257
4,1258
4,1259
5,1260
1,1261
7,1262
5,1263
5,1264
5,1265
5,1266
1,1267
8,1268
4,1269
4,1270
4,1271
4,1272
4,1273
8,1274
7,1275
2,1276
,1277
6,1278
6,1279
6,1280
2,1281
8,1282
8,1283
6,1284
8,1285
5,1286
8,1287
8,1288
8,1289
2,1290
2,1291
2,1292
2,1293
2,1294
2,1295
5,1296
5,1297
8,1298
5,1299
2,1300
8,1301
8,1302
8,1303
4,1304
9,1305
5,1306
1,1307
1,1308
8,1309
8,1310
8,1311
8,1312
8,1313
8,1314
8,1315
8,1316
8,1317
8,1318
8,1319
2,1320
7,1321
7,1322
5,1323
8,1324
6,1325
6,1326
6,1327
4,1328
4,1329
3,1330
3,1331
3,1332
3,1333
2,1334
8,1335
2,1336
4,1337
8,1338
5,1339
2,1340
2,1341
2,1342
2,1343
2,1344
2,1345
4,1346
8,1347
4,1348
1,1349
1,1350
8,1351
5,1352
8,1353
8,1354
8,1355
8,1356
5,1357
8,1358
8,1359
1,1360
8,1361
8,1362
8,1363
8,1364
8,1365
5,1366
5,1367
1,1368
8,1369
8,1370
8,1371
8,1372
5,1373
7,1374
2,1375
8,1376
8,1377
8,1378
8,1379
1,1380
1,1381
1,1382
1,1383
8,1384
7,1385
3,1386
3,1387
1,1388
1,1389
7,1390
7,1391
1,1392
1,1393
2,1394
1,1395
5,1396
8,1397
4,1398
1,1399
5,1400
5,1401
5,1402
5,1403
2,1404
5,1405
5,1406
5,1407
8,1408
8,1409
5,1410
5,1411
3,1412
2,1413
1,1414
1,1415
1,1416
1,1417
5,1418
2,1419
8,1420
8,1421
8,1422
8,1423
8,1424
5,1425
5,1426
5,1427
1,1428
4,1429
4,1430
1,1431
8,1432
3,1433
2,1434
8,1435
1,1436
1,1437
1,1438
1,1439
1,1440
7,1441
7,1442
7,1443
1,1444
1,1445
1,1446
1,1447
5,1448
8,1449
8,1450
8,1451
8,1452
8,1453
5,1454
5,1455
1,1456
7,1457
7,1458
7,1459
2,1460
9,1461
9,1462
9,1463
8,1464
8,1465
8,1466
8,1467
8,1468
8,1469
4,1470
4,1471
7,1472
8,1473
8,1474
8,1475
8,1476
8,1477
8,1478
4,1479
4,1480
4,1481
4,1482
5,1483
1,1484
1,1485
5,1486
5,1487
7,1488
1,1489
1,1490
8,1491
8,1492
7,1493
8,1494
8,1495
1,1496
2,1497
7,1498
1,1499
1,1500
8,1501
8,1502
5,1503
8,1504
2,1505
2,1506
8,1507
8,1508
2,1509
2,1510
8,1511
8,1512
4,1513
7,1514
7,1515
2,1516
8,1517
8,1518
5,1519
1,1520
8,1521
8,1522
7,1523
1,1524
8,1525
8,1526
8,1527
8,1528
5,1529
5,1530
8,1531
2,1532
1,1533
3,1534
1,1535
8,1536
8,1537
8,1538
2,1539
7,1540
8,1541
5,1542
3,1543
3,1544
8,1545
1,1546
7,1547
8,1548
2,1549
2,1550
3,1551
3,1552
8,1553
5,1554
4,1555
2,1556
2,1557
8,1558
4,1559
8,1560
8,1561
6,1562
7,1563
7,1564
8,1565
6,1566
6,1567
4,1568
9,1569
9,1570
9,1571
2,1572
5,1573
1,1574
8,1575
8,1576
8,1577
6,1578
2,1579
6,1580
2,1581
5,1582
8,1583
7,1584
7,1585
7,1586
1,1587
8,1588
1,1589
1,1590
5,1591
7,1592
8,1593
2,1594
8,1595
8,1596
4,1597
7,1598
8,1599
8,1600
,1601
2,1602
6,1603
7,1604
7,1605
5,1606
1,1607
8,1608
8,1609
8,1610
8,1611
8,1612
3,1613
3,1614
8,1615
2,1616
2,1617
5,1618
5,1619
5,1620
1,1621
8,1622
3,1623
3,1624
3,1625
3,1626
3,1627
1,1628
1,1629
8,1630
7,1631
7,1632
8,1633
8,1634
8,1635
2,1636
5,1637
5,1638
8,1639
8,1640
5,1641
2,1642
5,1643
2,1644
5,1645
5,1646
5,1647
5,1648
5,1649
5,1650
5,1651
2,1652
2,1653
5,1654
8,1655
8,1656
1,1657
8,1658
8,1659
8,1660
8,1661
5,1662
5,1663
5,1664
5,1665
5,1666
5,1667
5,1668
5,1669
5,1670
5,1671
5,1672
5,1673
,1674
8,1675
8,1676
8,1677
8,1678
8,1679
5,1680
5,1681
5,1682
5,1683
5,1684
5,1685
5,1686
8,1687
8,1688
5,1689
5,1690
8,1691
5,1692
5,1693
2,1694
8,1695
5,1696
8,1697
8,1698
5,1699
8,1700
1,1701
5,1702
8,1703
8,1704
8,1705
8,1706
1,1707
7,1708
7,1709
8,1710
8,1711
8,1712
8,1713
5,1714
3,1715
8,1716
8,1717
8,1718
8,1719
8,1720
8,1721
8,1722
8,1723
4,1724
1,1725
4,1726
5,1727
5,1728
2,1729
4,1730
6,1731
8,1732
1,1733
4,1734
5,1735
5,1736
5,1737
5,1738
5,1739
5,1740
5,1741
5,1742
1,1743
1,1744
5,1745
5,1746
8,1747
8,1748
1,1749
1,1750
1,1751
5,1752
5,1753
3,1754
8,1755
3,1756
8,1757
8,1758
8,1759
8,1760
8,1761
8,1762
8,1763
8,1764
8,1765
1,1766
9,1767
9,1768
9,1769
8,1770
5,1771
2,1772
2,1773
8,1774
8,1775
8,1776
8,1777
8,1778
8,1779
1,1780
1,1781
1,1782
2,1783
8,1784
2,1785
2,1786
4,1787
6,1788
6,1789
5,1790
8,1791
2,1792
7,1793
7,1794
7,1795
8,1796
2,1797
5,1798
5,1799
8,1800
8,1801
8,1802
8,1803
2,1804
8,1805
2,1806
1,1807
1,1808
1,1809
4,1810
4,1811
5,1812
5,1813
7,1814
3,1815
2,1816
5,1817
8,1818
2,1819
7,1820
7,1821
7,1822
7,1823
2,1824
2,1825
2,1826
2,1827
7,1828
4,1829
8,1830
8,1831
8,1832
7,1833
5,1834
7,1835
7,1836
1,1837
8,1838
6,1839
8,1840
8,1841
8,1842
8,1843
8,1844
1,1845
1,1846
7,1847
8,1848
8,1849
8,1850
8,1851
3,1852
3,1853
8,1854
5,1855
7,1856
7,1857
7,1858
7,1859
7,1860
7,1861
7,1862
7,1863
7,1864
8,1865
8,1866
8,1867
8,1868
8,1869
8,1870
1,1871
1,1872
1,1873
2,1874
8,1875
2,1876
8,1877
4,1878
4,1879
3,1880
3,1881
2,1882
1,1883
1,1884
5,1885
1,1886
1,1887
1,1888
1,1889
5,1890
5,1891
1,1892
1,1893
1,1894
2,1895
2,1896
2,1897
2,1898
8,1899
3,1900
3,1901
4,1902
8,1903
8,1904
2,1905
3,1906
3,1907
7,1908
8,1909
2,1910
5,1911
5,1912
5,1913
5,1914
2,1915
2,1916
5,1917
7,1918
7,1919
3,1920
3,1921
1,1922
3,1923
3,1924
3,1925
3,1926
3,1927
5,1928
5,1929
5,1930
8,1931
8,1932
7,1933
2,1934
2,1935
2,1936
2,1937
2,1938
2,1939
5,1940
5,1941
5,1942
2,1943
2,1944
2,1945
2,1946
2,1947
2,1948
2,1949
8,1950
5,1951
1,1952
5,1953
6,1954
1,1955
8,1956
7,1957
7,1958
8,1959
8,1960
5,1961
5,1962
5,1963
1,1964
1,1965
7,1966
7,1967
8,1968
5,1969
5,1970
8,1971
8,1972
8,1973
8,1974
7,1975
7,1976
7,1977
4,1978
8,1979
4,1980
1,1981
8,1982
5,1983
8,1984
4,1985
4,1986
4,1987
2,1988
8,1989
8,1990
8,1991
8,1992
7,1993
4,1994
4,1995
8,1996
8,1997
8,1998
8,1999
5,2000
2,2001
2,2002
2,2003
2,2004
3,2005
2,2006
3,2007
3,2008
2,2009
7,2010
7,2011
7,2012
7,2013
7,2014
2,2015
2,2016
2,2017
8,2018
8,2019
8,2020
7,2021
7,2022
8,2023
7,2024
7,2025
7,2026
4,2027
4,2028
8,2029
5,2030
7,2031
7,2032
7,2033
8,2034
8,2035
5,2036
2,2037
2,2038
5,2039
5,2040
2,2041
5,2042
5,2043
5,2044
5,2045
2,2046
2,2047
5,2048
4,2049
4,2050
4,2051
7,2052
2,2053
8,2054
4,2055
4,2056
4,2057
8,2058
7,2059
2,2060
1,2061
6,2062
1,2063
1,2064
1,2065
1,2066
1,2067
7,2068
1,2069
3,2070
3,2071
4,2072
4,2073
8,2074
2,2075
4,2076
4,2077
4,2078
4,2079
4,2080
4,2081
1,2082
1,2083
5,2084
5,2085
8,2086
5,2087
8,2088
8,2089
1,2090
1,2091
1,2092
1,2093
2,2094
2,2095
5,2096
8,2097
8,2098
5,2099
6,2100
5,2101
5,2102
5,2103
8,2104
8,2105
7,2106
7,2107
7,2108
8,2109
6,2110
5,2111
5,2112
8,2113
8,2114
8,2115
2,2116
3,2117
8,2118
8,2119
8,2120
2,2121
2,2122
8,2123
2,2124
2,2125
5,2126
5,2127
5,2128
6,2129
4,2130
5,2131
3,2132
6,2133
5,2134
5,2135
5,2136
5,2137
2,2138
5,2139
5,2140
5,2141
2,2142
8,2143
5,2144
2,2145
2,2146
2,2147
2,2148
5,2149
8,2150
1,2151
2,2152
8,2153
2,2154
5,2155
8,2156
2,2157
5,2158
8,2159
2,2160
1,2161
8,2162
2,2163
3,2164
3,2165
2,2166
8,2167
5,2168
6,2169
6,2170
6,2171
6,2172
6,2173
6,2174
1,2175
9,2176
9,2177
9,2178
5,2179
4,2180
4,2181
1,2182
8,2183
7,2184
7,2185
3,2186
3,2187
5,2188
1,2189
1,2190
7,2191
7,2192
1,2193
1,2194
1,2195
8,2196
8,2197
8,2198
6,2199
2,2200
1,2201
8,2202
8,2203
8,2204
8,2205
8,2206
8,2207
5,2208
2,2209
8,2210
2,2211
2,2212
2,2213
5,2214
4,2215
4,2216
4,2217
5,2218
7,2219
7,2220
7,2221
7,2222
8,2223
4,2224
1,2225
4,2226
5,2227
5,2228
5,2229
8,2230
8,2231
8,2232
8,2233
8,2234
8,2235
8,2236
7,2237
7,2238
7,2239
7,2240
7,2241
7,2242
7,2243
7,2244
7,2245
7,2246
7,2247
7,2248
4,2249
4,2250
2,2251
2,2252
8,2253
4,2254
4,2255
2,2256
3,2257
4,2258
4,2259
4,2260
4,2261
3,2262
3,2263
3,2264
1,2265
4,2266
2,2267
1,2268
4,2269
4,2270
4,2271
6,2272
3,2273
3,2274
8,2275
5,2276
3,2277
3,2278
2,2279
4,2280
6,2281
5,2282
5,2283
5,2284
5,2285
3,2286
2,2287
2,2288
2,2289
8,2290
8,2291
8,2292
8,2293
8,2294
8,2295
8,2296
8,2297
8,2298
8,2299
8,2300
8,2301
8,2302
8,2303
8,2304
6,2305
5,2306
6,2307
1,2308
1,2309
1,2310
6,2311
6,2312
6,2313
6,2314
6,2315
6,2316
6,2317
5,2318
5,2319
8,2320
1,2321
5,2322
8,2323
8,2324
8,2325
8,2326
8,2327
8,2328
8,2329
8,2330
8,2331
1,2332
1,2333
1,2334
1,2335
1,2336
1,2337
8,2338
8,2339
5,2340
8,2341
1,2342
5,2343
8,2344
8,2345
8,2346
8,2347
8,2348
5,2349
8,2350
4,2351
1,2352
1,2353
1,2354
8,2355
8,2356
5,2357
8,2358
7,2359
1,2360
1,2361
1,2362
1,2363
8,2364
8,2365
,2366
,2367
2,2368
1,2369
6,2370
1,2371
7,2372
1,2373
7,2374
7,2375
7,2376
7,2377
7,2378
5,2379
8,2380
8,2381
8,2382
3,2383
3,2384
3,2385
3,2386
3,2387
3,2388
3,2389
6,2390
3,2391
3,2392
8,2393
7,2394
7,2395
8,2396
5,2397
8,2398
1,2399
1,2400
1,2401
8,2402
8,2403
8,2404
5,2405
2,2406
2,2407
5,2408
7,2409
7,2410
8,2411
7,2412
4,2413
8,2414
8,2415
8,2416
8,2417
2,2418
2,2419
5,2420
5,2421
5,2422
3,2423
3,2424
8,2425
7,2426
7,2427
3,2428
6,2429
2,2430
2,2431
2,2432
2,2433
2,2434
5,2435
5,2436
6,2437
5,2438
8,2439
7,2440
7,2441
1,2442
1,2443
8,2444
5,2445
1,2446
1,2447
5,2448
5,2449
5,2450
5,2451
1,2452
5,2453
5,2454
1,2455
5,2456
8,2457
8,2458
5,2459
5,2460
5,2461
2,2462
8,2463
5,2464
5,2465
9,2466
6,2467
5,2468
3,2469
8,2470
8,2471
8,2472
5,2473
5,2474
1,2475
1,2476
1,2477
7,2478
3,2479
3,2480
3,2481
3,2482
3,2483
8,2484
8,2485
8,2486
3,2487
3,2488
7,2489
7,2490
5,2491
3,2492
3,2493
3,2494
3,2495
3,2496
3,2497
3,2498
8,2499
8,2500
8,2501
,2502
3,2503
5,2504
4,2505
4,2506
5,2507
8,2508
8,2509
8,2510
8,2511
8,2512
8,2513
1,2514
1,2515
8,2516
8,2517
4,2518
4,2519
1,2520
1,2521
2,2522
2,2523
2,2524
5,2525
5,2526
8,2527
5,2528
5,2529
4,2530
4,2531
4,2532
4,2533
4,2534
4,2535
4,2536
4,2537
2,2538
2,2539
2,2540
2,2541
2,2542
2,2543
2,2544
2,2545
8,2546
8,2547
8,2548
8,2549
3,2550
1,2551
1,2552
1,2553
1,2554
1,2555
2,2556
8,2557
8,2558
8,2559
8,2560
7,2561
1,2562
5,2563
6,2564
8,2565
3,2566
8,2567
8,2568
8,2569
8,2570
8,2571
8,2572
1,2573
8,2574
8,2575
2,2576
2,2577
6,2578
1,2579
8,2580
8,2581
8,2582
8,2583
2,2584
1,2585
4,2586
7,2587
6,2588
2,2589
2,2590
7,2591
6,2592
8,2593
6,2594
1,2595
1,2596
1,2597
1,2598
1,2599
1,2600
1,2601
1,2602
7,2603
8,2604
8,2605
8,2606
1,2607
5,2608
5,2609
7,2610
7,2611
7,2612
4,2613
8,2614
3,2615
3,2616
7,2617
7,2618
5,2619
8,2620
3,2621
5,2622
8,2623
6,2624
4,2625
8,2626
8,2627
8,2628
8,2629
8,2630
5,2631
8,2632
3,2633
3,2634
3,2635
8,2636
1,2637
1,2638
1,2639
8,2640
8,2641
2,2642
4,2643
4,2644
8,2645
8,2646
8,2647
2,2648
4,2649
2,2650
5,2651
5,2652
5,2653
5,2654
8,2655
8,2656
4,2657
4,2658
2,2659
4,2660
4,2661
8,2662
2,2663
2,2664
8,2665
8,2666
8,2667
8,2668
5,2669
8,2670
5,2671
5,2672
5,2673
7,2674
7,2675
8,2676
8,2677
8,2678
8,2679
1,2680
3,2681
4,2682
4,2683
7,2684
4,2685
7,2686
4,2687
4,2688
4,2689
8,2690
2,2691
8,2692
8,2693
6,2694
8,2695
8,2696
8,2697
5,2698
6,2699
6,2700
6,2701
5,2702
8,2703
6,2704
4,2705
4,2706
6,2707
6,2708
4,2709
2,2710
5,2711
1,2712
1,2713
3,2714
2,2715
4,2716
4,2717
4,2718
4,2719
5,2720
5,2721
5,2722
6,2723
5,2724
5,2725
5,2726
5,2727
5,2728
5,2729
5,2730
1,2731
1,2732
4,2733
4,2734
4,2735
2,2736
2,2737
1,2738
2,2739
8,2740
2,2741
1,2742
1,2743
5,2744
2,2745
7,2746
2,2747
8,2748
8,2749
8,2750
2,2751
7,2752
5,2753
5,2754
2,2755
5,2756
1,2757
1,2758
5,2759
5,2760
5,2761
9,2762
1,2763
8,2764
5,2765
5,2766
8,2767
8,2768
8,2769
8,2770
5,2771
5,2772
5,2773
5,2774
5,2775
8,2776
5,2777
7,2778
7,2779
7,2780
2,2781
5,2782
3,2783
7,2784
7,2785
7,2786
7,2787
7,2788
7,2789
7,2790
7,2791
7,2792
7,2793
7,2794
7,2795
7,2796
7,2797
7,2798
7,2799
7,2800
7,2801
8,2802
6,2803
6,2804
2,2805
2,2806
1,2807
1,2808
1,2809
7,2810
7,2811
1,2812
6,2813
4,2814
4,2815
4,2816
6,2817
1,2818
8,2819
8,2820
5,2821
5,2822
8,2823
8,2824
2,2825
2,2826
2,2827
2,2828
1,2829
1,2830
1,2831
5,2832
4,2833
4,2834
4,2835
4,2836
4,2837
4,2838
4,2839
4,2840
4,2841
6,2842
7,2843
2,2844
2,2845
2,2846
2,2847
1,2848
2,2849
2,2850
3,2851
3,2852
3,2853
3,2854
3,2855
3,2856
8,2857
8,2858
8,2859
8,2860
7,2861
7,2862
8,2863
8,2864
8,2865
8,2866
1,2867
2,2868
2,2869
2,2870
2,2871
2,2872
2,2873
2,2874
2,2875
7,2876
2,2877
2,2878
2,2879
2,2880
2,2881
2,2882
2,2883
2,2884
2,2885
2,2886
2,2887
2,2888
2,2889
2,2890
5,2891
1,2892
1,2893
5,2894
1,2895
1,2896
5,2897
1,2898
5,2899
4,2900
4,2901
4,2902
2,2903
2,2904
2,2905
8,2906
4,2907
5,2908
8,2909
8,2910
8,2911
8,2912
8,2913
4,2914
7,2915
7,2916
7,2917
7,2918
5,2919
7,2920
5,2921
6,2922
2,2923
2,2924
5,2925
7,2926
8,2927
8,2928
,2929
8,2930
8,2931
3,2932
2,2933
2,2934
8,2935
1,2936
5,2937
6,2938
8,2939
8,2940
8,2941
8,2942
8,2943
9,2944
6,2945
8,2946
8,2947
5,2948
6,2949
4,2950
7,2951
6,2952
6,2953
6,2954
6,2955
6,2956
6,2957
6,2958
6,2959
2,2960
2,2961
2,2962
6,2963
2,2964
2,2965
2,2966
6,2967
6,2968
5,2969
2,2970
2,2971
2,2972
6,2973
6,2974
2,2975
2,2976
2,2977
1,2978
7,2979
7,2980
7,2981
4,2982
2,2983
2,2984
2,2985
7,2986
7,2987
7,2988
2,2989
2,2990
2,2991
2,2992
2,2993
2,2994
1,2995
1,2996
2,2997
2,2998
2,2999
2,3000
2,3001
2,3002
2,3003
1,3004
1,3005
2,3006
2,3007
2,3008
8,3009
8,3010
8,3011
5,3012
6,3013
2,3014
7,3015
8,3016
8,3017
8,3018
8,3019
2,3020
2,3021
2,3022
5,3023
8,3024
8,3025
8,3026
8,3027
1,3028
1,3029
1,3030
8,3031
8,3032
8,3033
8,3034
8,3035
3,3036
8,3037
8,3038
2,3039
2,3040
1,3041
7,3042
7,3043
7,3044
7,3045
3,3046
4,3047
4,3048
4,3049
4,3050
4,3051
4,3052
4,3053
4,3054
4,3055
4,3056
4,3057
4,3058
4,3059
7,3060
7,3061
7,3062
4,3063
2,3064
2,3065
7,3066
8,3067
7,3068
5,3069
5,3070
9,3071
7,3072
8,3073
8,3074
8,3075
8,3076
8,3077
1,3078
5,3079
5,3080
5,3081
5,3082
5,3083
5,3084
5,3085
5,3086
1,3087
5,3088
1,3089
3,3090
3,3091
3,3092
3,3093
3,3094
5,3095
8,3096
4,3097
4,3098
6,3099
6,3100
7,3101
7,3102
8,3103
5,3104
8,3105
1,3106
1,3107
1,3108
1,3109
1,3110
1,3111
1,3112
1,3113
1,3114
1,3115
1,3116
1,3117
1,3118
1,3119
1,3120
1,3121
1,3122
1,3123
1,3124
1,3125
1,3126
1,3127
1,3128
2,3129
4,3130
3,3131
3,3132
1,3133
1,3134
1,3135
7,3136
4,3137
4,3138
8,3139
8,3140
8,3141
8,3142
8,3143
8,3144
8,3145
8,3146
2,3147
2,3148
8,3149
8,3150
5,3151
5,3152
2,3153
5,3154
4,3155
4,3156
4,3157
8,3158
5,3159
5,3160
8,3161
8,3162
5,3163
2,3164
5,3165
5,3166
6,3167
2,3168
8,3169
2,3170
2,3171
8,3172
8,3173
8,3174
8,3175
2,3176
8,3177
8,3178
4,3179
9,3180
3,3181
8,3182
3,3183
7,3184
7,3185
1,3186
8,3187
1,3188
4,3189
7,3190
7,3191
7,3192
5,3193
5,3194
4,3195
5,3196
5,3197
5,3198
1,3199
7,3200
4,3201
5,3202
7,3203
8,3204
8,3205
8,3206
8,3207
3,3208
6,3209
5,3210
5,3211
2,3212
2,3213
7,3214
1,3215
1,3216
8,3217
2,3218
4,3219
4,3220
4,3221
7,3222
7,3223
1,3224
1,3225
2,3226
2,3227
2,3228
2,3229
7,3230
5,3231
5,3232
1,3233
8,3234
8,3235
8,3236
8,3237
6,3238
6,3239
6,3240
6,3241
2,3242
2,3243
1,3244
1,3245
2,3246
2,3247
2,3248
2,3249
2,3250
2,3251
2,3252
2,3253
2,3254
8,3255
1,3256
1,3257
2,3258
2,3259
2,3260
7,3261
2,3262
4,3263
2,3264
2,3265
1,3266
2,3267
8,3268
8,3269
1,3270
2,3271
2,3272
8,3273
7,3274
1,3275
2,3276
2,3277
8,3278
8,3279
8,3280
8,3281
8,3282
8,3283
8,3284
8,3285
8,3286
8,3287
8,3288
8,3289
8,3290
8,3291
8,3292
8,3293
8,3294
8,3295
8,3296
8,3297
8,3298
8,3299
8,3300
8,3301
8,3302
8,3303
8,3304
8,3305
8,3306
8,3307
8,3308
8,3309
8,3310
8,3311
1,3312
1,3313
1,3314
8,3315
1,3316
8,3317
1,3318
2,3319
1,3320
1,3321
1,3322
1,3323
1,3324
1,3325
1,3326
1,3327
1,3328
1,3329
1,3330
5,3331
5,3332
5,3333
8,3334
5,3335
8,3336
4,3337
2,3338
2,3339
2,3340
2,3341
2,3342
8,3343
1,3344
1,3345
1,3346
1,3347
2,3348
7,3349
6,3350
8,3351
8,3352
7,3353
7,3354
3,3355
2,3356
2,3357
2,3358
1,3359
1,3360
8,3361
8,3362
8,3363
8,3364
2,3365
2,3366
7,3367
7,3368
2,3369
2,3370
8,3371
8,3372
1,3373
1,3374
5,3375
1,3376
8,3377
5,3378
8,3379
7,3380
8,3381
5,3382
4,3383
4,3384
4,3385
7,3386
2,3387
2,3388
2,3389
8,3390
6,3391
8,3392
5,3393
8,3394
8,3395
1,3396
1,3397
,3398
8,3399
4,3400
1,3401
1,3402
8,3403
2,3404
2,3405
2,3406
8,3407
8,3408
8,3409
8,3410
3,3411
1,3412
1,3413
1,3414
8,3415
4,3416
4,3417
1,3418
1,3419
1,3420
1,3421
1,3422
8,3423
5,3424
7,3425
1,3426
1,3427
1,3428
5,3429
5,3430
5,3431
5,3432
8,3433
2,3434
4,3435
2,3436
8,3437
5,3438
8,3439
8,3440
8,3441
8,3442
8,3443
7,3444
7,3445
5,3446
2,3447
8,3448
8,3449
8,3450
8,3451
8,3452
8,3453
8,3454
8,3455
3,3456
5,3457
6,3458
1,3459
1,3460
5,3461
5,3462
5,3463
5,3464
8,3465
7,3466
7,3467
7,3468
5,3469
8,3470
8,3471
2,3472
6,3473
3,3474
1,3475
3,3476
3,3477
8,3478
8,3479
1,3480
1,3481
1,3482
5,3483
5,3484
8,3485
8,3486
8,3487
4,3488
4,3489
6,3490
7,3491
3,3492
2,3493
7,3494
7,3495
2,3496
2,3497
5,3498
6,3499
8,3500
7,3501
5,3502
3,3503
8,3504
3,3505
6,3506
2,3507
1,3508
6,3509
8,3510
8,3511
8,3512
2,3513
2,3514
2,3515
7,3516
6,3517
7,3518
6,3519
6,3520
6,3521
6,3522
5,3523
5,3524
6,3525
6,3526
6,3527
6,3528
6,3529
6,3530
6,3531
6,3532
6,3533
6,3534
6,3535
6,3536
6,3537
6,3538
5,3539
8,3540
6,3541
5,3542
6,3543
6,3544
1,3545
1,3546
2,3547
6,3548
6,3549
6,3550
5,3551
5,3552
6,3553
6,3554
6,3555
2,3556
2,3557
8,3558
8,3559
8,3560
1,3561
5,3562
3,3563
3,3564
8,3565
2,3566
8,3567
8,3568
5,3569
5,3570
5,3571
5,3572
1,3573
1,3574
8,3575
1,3576
1,3577
1,3578
1,3579
1,3580
1,3581
1,3582
1,3583
1,3584
1,3585
1,3586
8,3587
8,3588
6,3589
8,3590
7,3591
7,3592
4,3593
5,3594
5,3595
5,3596
5,3597
5,3598
8,3599
7,3600
5,3601
5,3602
7,3603
7,3604
7,3605
2,3606
1,3607
7,3608
4,3609
4,3610
1,3611
1,3612
1,3613
1,3614
6,3615
6,3616
6,3617
6,3618
2,3619
8,3620
8,3621
8,3622
8,3623
8,3624
8,3625
8,3626
8,3627
8,3628
8,3629
8,3630
8,3631
6,3632
8,3633
8,3634
7,3635
8,3636
4,3637
5,3638
7,3639
7,3640
7,3641
1,3642
1,3643
8,3644
8,3645
6,3646
6,3647
6,3648
7,3649
7,3650
2,3651
8,3652
5,3653
8,3654
5,3655
5,3656
5,3657
,3658
7,3659
4,3660
4,3661
2,3662
8,3663
8,3664
8,3665
8,3666
2,3667
2,3668
2,3669
2,3670
2,3671
2,3672
8,3673
8,3674
8,3675
7,3676
8,3677
8,3678
2,3679
5,3680
8,3681
8,3682
8,3683
8,3684
1,3685
8,3686
8,3687
8,3688
8,3689
8,3690
8,3691
8,3692
8,3693
8,3694
1,3695
5,3696
5,3697
8,3698
8,3699
8,3700
3,3701
3,3702
8,3703
2,3704
5,3705
8,3706
8,3707
8,3708
8,3709
4,3710
8,3711
8,3712
5,3713
2,3714
6,3715
4,3716
4,3717
5,3718
1,3719
8,3720
8,3721
5,3722
5,3723
2,3724
5,3725
5,3726
5,3727
5,3728
8,3729
8,3730
5,3731
5,3732
5,3733
4,3734
7,3735
7,3736
7,3737
7,3738
8,3739
8,3740
8,3741
8,3742
8,3743
7,3744
7,3745
1,3746
8,3747
1,3748
7,3749
5,3750
1,3751
5,3752
5,3753
5,3754
7,3755
7,3756
2,3757
7,3758
7,3759
8,3760
8,3761
3,3762
3,3763
7,3764
3,3765
8,3766
8,3767
7,3768
7,3769
2,3770
2,3771
7,3772
7,3773
6,3774
6,3775
6,3776
3,3777
3,3778
3,3779
8,3780
8,3781
1,3782
1,3783
8,3784
8,3785
8,3786
8,3787
8,3788
8,3789
1,3790
1,3791
1,3792
8,3793
8,3794
8,3795
8,3796
8,3797
1,3798
1,3799
1,3800
1,3801
1,3802
1,3803
1,3804
1,3805
1,3806
8,3807
8,3808
3,3809
1,3810
1,3811
8,3812
8,3813
8,3814
8,3815
2,3816
2,3817
2,3818
8,3819
8,3820
8,3821
8,3822
8,3823
8,3824
8,3825
8,3826
2,3827
2,3828
7,3829
8,3830
8,3831
8,3832
8,3833
8,3834
8,3835
8,3836
8,3837
8,3838
8,3839
8,3840
8,3841
2,3842
2,3843
2,3844
2,3845
2,3846
2,3847
2,3848
2,3849
2,3850
8,3851
8,3852
7,3853
7,3854
7,3855
7,3856
7,3857
5,3858
3,3859
5,3860
5,3861
2,3862
2,3863
5,3864
5,3865
7,3866
7,3867
7,3868
8,3869
2,3870
3,3871
2,3872
8,3873
2,3874
4,3875
4,3876
8,3877
1,3878
3,3879
1,3880
2,3881
8,3882
8,3883
6,3884
5,3885
5,3886
5,3887
2,3888
8,3889
8,3890
8,3891
8,3892
1,3893
5,3894
5,3895
5,3896
5,3897
8,3898
7,3899
8,3900
3,3901
3,3902
3,3903
3,3904
4,3905
7,3906
8,3907
2,3908
5,3909
5,3910
8,3911
5,3912
8,3913
5,3914
5,3915
8,3916
8,3917
7,3918
8,3919
2,3920
8,3921
1,3922
4,3923
2,3924
7,3925
8,3926
1,3927
8,3928
8,3929
8,3930
8,3931
8,3932
8,3933
8,3934
8,3935
8,3936
8,3937
8,3938
8,3939
5,3940
5,3941
5,3942
5,3943
8,3944
8,3945
5,3946
3,3947
8,3948
8,3949
8,3950
8,3951
2,3952
5,3953
2,3954
2,3955
1,3956
8,3957
8,3958
7,3959
5,3960
5,3961
2,3962
2,3963
5,3964
2,3965
5,3966
2,3967
1,3968
5,3969
1,3970
1,3971
1,3972
8,3973
8,3974
8,3975
1,3976
5,3977
2,3978
1,3979
1,3980
5,3981
8,3982
8,3983
8,3984
8,3985
2,3986
8,3987
8,3988
8,3989
8,3990
5,3991
4,3992
1,3993
1,3994
5,3995
8,3996
1,3997
8,3998
8,3999
1,4000
2,4001
8,4002
4,4003
4,4004
2,4005
2,4006
2,4007
2,4008
2,4009
2,4010
2,4011
2,4012
2,4013
2,4014
2,4015
2,4016
2,4017
2,4018
2,4019
2,4020
2,4021
2,4022
2,4023
2,4024
2,4025
2,4026
2,4027
2,4028
2,4029
2,4030
2,4031
2,4032
2,4033
2,4034
2,4035
2,4036
2,4037
2,4038
2,4039
2,4040
2,4041
2,4042
2,4043
2,4044
2,4045
2,4046
2,4047
2,4048
2,4049
2,4050
2,4051
2,4052
2,4053
2,4054
2,4055
2,4056
2,4057
2,4058
2,4059
2,4060
2,4061
2,4062
2,4063
2,4064
2,4065
2,4066
2,4067
2,4068
2,4069
2,4070
2,4071
2,4072
2,4073
2,4074
2,4075
2,4076
2,4077
2,4078
2,4079
2,4080
2,4081
2,4082
2,4083
2,4084
2,4085
2,4086
2,4087
2,4088
2,4089
2,4090
2,4091
2,4092
8,4093
8,4094
5,4095
2,4096
5,4097
5,4098
1,4099
5,4100
7,4101
8,4102
6,4103
1,4104
4,4105
4,4106
1,4107
8,4108
8,4109
1,4110
7,4111
1,4112
3,4113
1,4114
1,4115
8,4116
8,4117
1,4118
1,4119
1,4120
1,4121
1,4122
1,4123
8,4124
1,4125
6,4126
8,4127
8,4128
8,4129
3,4130
2,4131
2,4132
3,4133
2,4134
8,4135
8,4136
8,4137
8,4138
8,4139
5,4140
5,4141
4,4142
7,4143
7,4144
7,4145
5,4146
5,4147
5,4148
5,4149
9,4150
7,4151
7,4152
4,4153
7,4154
4,4155
4,4156
1,4157
4,4158
4,4159
7,4160
5,4161
5,4162
4,4163
4,4164
4,4165
8,4166
3,4167
3,4168
2,4169
5,4170
5,4171
1,4172
3,4173
4,4174
4,4175
8,4176
3,4177
3,4178
3,4179
3,4180
3,4181
1,4182
3,4183
2,4184
2,4185
2,4186
8,4187
8,4188
2,4189
8,4190
1,4191
5,4192
8,4193
8,4194
8,4195
8,4196
8,4197
8,4198
5,4199
7,4200
3,4201
8,4202
5,4203
7,4204
8,4205
8,4206
8,4207
8,4208
2,4209
8,4210
5,4211
5,4212
5,4213
5,4214
5,4215
5,4216
5,4217
5,4218
5,4219
5,4220
8,4221
8,4222
8,4223
5,4224
3,4225
8,4226
8,4227
8,4228
8,4229
8,4230
3,4231
5,4232
4,4233
4,4234
8,4235
1,4236
8,4237
8,4238
8,4239
7,4240
4,4241
4,4242
2,4243
8,4244
4,4245
4,4246
4,4247
4,4248
4,4249
4,4250
2,4251
8,4252
7,4253
7,4254
7,4255
8,4256
6,4257
6,4258
2,4259
2,4260
2,4261
4,4262
4,4263
8,4264
3,4265
4,4266
4,4267
8,4268
1,4269
1,4270
1,4271
1,4272
4,4273
4,4274
4,4275
8,4276
8,4277
2,4278
8,4279
8,4280
8,4281
8,4282
8,4283
8,4284
8,4285
8,4286
2,4287
2,4288
8,4289
8,4290
3,4291
2,4292
8,4293
2,4294
5,4295
8,4296
8,4297
8,4298
8,4299
6,4300
6,4301
2,4302
8,4303
8,4304
8,4305
1,4306
3,4307
2,4308
2,4309
2,4310
2,4311
2,4312
4,4313
4,4314
4,4315
4,4316
8,4317
8,4318
8,4319
2,4320
3,4321
3,4322
3,4323
2,4324
2,4325
2,4326
1,4327
2,4328
2,4329
2,4330
1,4331
4,4332
7,4333
1,4334
1,4335
7,4336
1,4337
1,4338
1,4339
8,4340
8,4341
8,4342
8,4343
8,4344
7,4345
7,4346
7,4347
7,4348
7,4349
7,4350
7,4351
7,4352
7,4353
7,4354
7,4355
7,4356
7,4357
7,4358
1,4359
1,4360
1,4361
8,4362
8,4363
8,4364
8,4365
8,4366
8,4367
3,4368
3,4369
1,4370
8,4371
8,4372
2,4373
8,4374
8,4375
8,4376
8,4377
4,4378
8,4379
5,4380
1,4381
1,4382
8,4383
5,4384
2,4385
2,4386
8,4387
8,4388
8,4389
7,4390
3,4391
3,4392
5,4393
7,4394
6,4395
2,4396
2,4397
2,4398
6,4399
1,4400
8,4401
8,4402
8,4403
2,4404
1,4405
8,4406
2,4407
2,4408
8,4409
8,4410
3,4411
3,4412
2,4413
7,4414
1,4415
4,4416
6,4417
5,4418
5,4419
7,4420
7,4421
1,4422
5,4423
8,4424
6,4425
4,4426
6,4427
6,4428
7,4429
3,4430
2,4431
2,4432
2,4433
2,4434
2,4435
2,4436
2,4437
2,4438
2,4439
2,4440
2,4441
2,4442
2,4443
5,4444
2,4445
2,4446
3,4447
3,4448
2,4449
2,4450
2,4451
2,4452
8,4453
8,4454
8,4455
8,4456
8,4457
8,4458
8,4459
2,4460
2,4461
3,4462
6,4463
3,4464
3,4465
4,4466
3,4467
,4468
3,4469
3,4470
8,4471
2,4472
2,4473
8,4474
8,4475
5,4476
8,4477
8,4478
8,4479
4,4480
7,4481
5,4482
7,4483
7,4484
3,4485
8,4486
2,4487
2,4488
2,4489
1,4490
1,4491
5,4492
2,4493
1,4494
1,4495
2,4496
1,4497
1,4498
2,4499
5,4500
5,4501
2,4502
2,4503
6,4504
6,4505
1,4506
1,4507
1,4508
1,4509
5,4510
2,4511
2,4512
1,4513
1,4514
5,4515
5,4516
5,4517
2,4518
5,4519
2,4520
7,4521
2,4522
2,4523
2,4524
2,4525
2,4526
2,4527
2,4528
2,4529
2,4530
2,4531
2,4532
8,4533
4,4534
4,4535
4,4536
4,4537
8,4538
4,4539
2,4540
3,4541
3,4542
8,4543
8,4544
8,4545
8,4546
8,4547
8,4548
2,4549
1,4550
8,4551
8,4552
8,4553
8,4554
8,4555
5,4556
2,4557
2,4558
2,4559
2,4560
8,4561
4,4562
4,4563
4,4564
7,4565
7,4566
7,4567
7,4568
8,4569
8,4570
8,4571
8,4572
8,4573
8,4574
8,4575
8,4576
8,4577
8,4578
8,4579
8,4580
3,4581
3,4582
3,4583
2,4584
8,4585
7,4586
7,4587
5,4588
6,4589
5,4590
4,4591
4,4592
4,4593
7,4594
5,4595
8,4596
5,4597
8,4598
8,4599
5,4600
5,4601
5,4602
5,4603
8,4604
8,4605
8,4606
2,4607
3,4608
3,4609
3,4610
8,4611
5,4612
5,4613
5,4614
5,4615
8,4616
5,4617
8,4618
6,4619
5,4620
5,4621
,4622
8,4623
8,4624
8,4625
8,4626
8,4627
8,4628
8,4629
8,4630
5,4631
5,4632
5,4633
5,4634
8,4635
8,4636
8,4637
5,4638
5,4639
9,4640
7,4641
7,4642
7,4643
7,4644
7,4645
7,4646
7,4647
7,4648
8,4649
8,4650
8,4651
8,4652
2,4653
2,4654
2,4655
8,4656
6,4657
8,4658
5,4659
5,4660
2,4661
5,4662
2,4663
2,4664
5,4665
1,4666
1,4667
7,4668
7,4669
7,4670
7,4671
5,4672
7,4673
7,4674
8,4675
8,4676
4,4677
7,4678
5,4679
5,4680
8,4681
8,4682
5,4683
5,4684
8,4685
4,4686
2,4687
5,4688
5,4689
1,4690
1,4691
1,4692
5,4693
5,4694
